2021/06/30,amzn digital*2904q2ox0 amzn.com/billux ## lux merchant,-17.78,Kindle Books
2021/06/29,grouptogether pty ltd. sydney,-20,Shopping
2021/06/27,ezi*wellness local (mo mortlake aus,-19.95,Gym
2021/06/27,sq *brett miners tenni north strathaus,-67.5,Tennis
2021/06/26,iga breakfast breakfast poaus tap and pay 6055,-175.84,Groceries
2021/06/25,iga breakfast breakfast poaus tap and pay 6055,-24.77,Groceries
2021/06/25,vapo auckland ##0621 170.50 nz dollar,-159.02,Subscription - TV
2021/06/25,bfast point pharmacy breakfast ponsw tap and pay 6055,-34.85,Pharmacy
2021/06/22,uber *eats sydney aus,-51.69,Food Delivery
2021/06/22,blade and barrel pty concord nsw tap and pay 6055,-45,Hair
2021/06/20,ezi*wellness local (mo mortlake aus,-19.95,Gym
2021/06/20,iga breakfast breakfast poaus tap and pay 6055,-36.94,Groceries
2021/06/19,cedrus management pty ryde nsw tap and pay 6055,-376,Shopping
2021/06/19,uber *eats sydney aus,-53.69,Food Delivery
2021/06/18,yf & zd pty ltd breakfast ponsw tap and pay 6055,-9.1,Coffee
2021/06/18,tennis ranch w/house gladesville nsw tap and pay 6055,-55,Tennis
2021/06/18,palace hotel mortlake aus tap and pay 6055,-14.18,Drinking out
2021/06/18,palace hotel mortlake aus tap and pay 6055,-21.67,Drinking out
2021/06/18,palace hotel mortlake aus tap and pay 6055,-56.1,Drinking out
2021/06/18,palace hotel mortlake aus tap and pay 6055,-17.82,Drinking out
2021/06/17,iga breakfast breakfast poaus tap and pay 6055,-35.35,Groceries
2021/06/17,pp*brettminers 4029357733 aus,-211.2,Subscription - TV
2021/06/16,avis australia mascot,-19.31,Subscription - Shopping
2021/06/15,iga breakfast breakfast poaus tap and pay 6055,-55.68,Groceries
2021/06/15,officeworks 0201 five dock aus tap and pay 6055,-8.4,Unclassified
2021/06/15,officeworks 0201 five dock aus tap and pay 6055,-5,Unclassified
2021/06/15,transportfornsw tap sydney tap and pay 6055,-18,Transportation
2021/06/14,ezi*f45 training conco mortlake aus,-240,Gym
2021/06/14,amzn digital*2x1g75d62 amzn.com/billux ## lux merchant,-17.32,Kindle Books
2021/06/14,uber *eats sydney aus,-54.49,Food Delivery
2021/06/14,uber *trip sydney aus,-15.84,Transportation
2021/06/13,ezi*wellness local (mo mortlake aus,-19.95,Gym
2021/06/13,ezi*f45 training conco mortlake aus,-240,Gym
2021/06/13,hayes family wines stone well sa tap and pay 6055,-204,Drinking out
2021/06/13,accolade wines austral tanunda tap and pay 6055,-216,Drinking Out
2021/06/12,steinys mettwurst nuriootpa sa tap and pay 6055,-56,Drinking out
2021/06/12,beam mobility au - aus,-4.3,Subscription - TV
2021/06/12,novotel barossa valley rowland flatsa tap and pay 6055,-28,Drinking out
2021/06/11,gonzo group pty ltd adelaide sa tap and pay 6055,-38,Shopping
2021/06/11,gonzo group pty ltd adelaide sa tap and pay 6055,-40,Shopping
2021/06/11,chemist warehouse cent adelaide sa tap and pay 6055,-15.48,Shopping
2021/06/11,gong cha adelaide sa tap and pay 6055,-12.4,Drinking out
2021/06/11,beam mobility au - aus,-7.84,Subscription - TV
2021/06/11,adelaide metro adelaide tap and pay 6055,-2.11,Transportation
2021/06/10,mylk bar adelaide sa tap and pay 6055,-19.6,Drinking out
2021/06/10,nola adelaide adelaide sa tap and pay 6055,-58,Drinking out
2021/06/10,nola adelaide adelaide sa tap and pay 6055,-29,Drinking out
2021/06/10,chemist warehouse cent adelaide sa tap and pay 6055,-34.36,Shopping
2021/06/10,airport d pb pharmac mascot tap and pay 6055,-38.98,Pharmacy
2021/06/10,smokemart - victoria s adelaide tap and pay 6055,-3,Shopping
2021/06/10,transportfornsw tap sydney tap and pay 6055,-6.12,Transportation
2021/06/09,ml & jd pty ltd breakfast ponsw tap and pay 6055,-9.1,Coffee
2021/06/08,iga breakfast breakfast poaus tap and pay 6055,-30.54,Groceries
2021/06/08,blade and barrel pty concord nsw tap and pay 6055,-60,Hair
2021/06/08,mortlake ocean foodqps concord tap and pay 6055,-25.8,Eating out
2021/06/07,vapo auckland ##0621 128.96 nz dollar,-120.49,Subscription - TV
2021/06/07,avis rent a car mascot,-321.97,Rent Payment
2021/06/06,ezi*wellness local (mo mortlake aus,-19.95,Gym
2021/06/06,uber *eats sydney aus,-66.59,Food Delivery
2021/06/06,vitable sydney nsw,-77,Subscription - Shopping
2021/06/05,ml & jd pty ltd breakfast ponsw tap and pay 6055,-11,Coffee
2021/06/05,pp*brettminers 4029357733 aus,-67.5,Subscription - TV
2021/06/04,iga breakfast breakfast poaus tap and pay 6055,-43.01,Groceries
2021/06/04,palace hotel mortlake aus tap and pay 6055,-26.53,Drinking out
2021/06/04,palace hotel mortlake aus tap and pay 6055,-25.72,Drinking out
2021/06/04,palace hotel mortlake aus tap and pay 6055,-37.87,Drinking out
2021/06/03,iga breakfast breakfast poaus tap and pay 6055,-43.6,Groceries
2021/06/03,ml & jd pty ltd breakfast ponsw tap and pay 6055,-8.3,Coffee
2021/06/01,ezi*wellness local (mo mortlake aus,-19.95,Gym
2021/06/01,iga breakfast breakfast poaus tap and pay 6055,-59.22,Groceries
2021/05/30,m and y nutrition wollongong nsw tap and pay 6055,-75.15,Shopping
2021/05/30,priceline macarthur s campbelltown tap and pay 6055,-23.08,Shopping
2021/05/30,sq *wolfpack coffee ro mortlake aus tap and pay 6055,-13.9,Coffee
2021/05/29,red roster estrn crek eastern cree tap and pay 6055,-33.4,Eating out
2021/05/29,pp*brettminers 4029357733 aus,-67.5,Subscription - TV
2021/05/29,caltex eastern creek w eastern cree tap and pay 6055,-76.33,Eating out
2021/05/27,blade and barrel pty concord nsw tap and pay 6055,-60,Hair
2021/05/27,mortlake ocean foodqps concord tap and pay 6055,-29.8,Eating out
2021/05/26,transportfornsw tap sydney tap and pay 6055,-14.85,Transportation
2021/05/25,sq *wintergarden sydney aus tap and pay 6055,-18.9,Transportation
2021/05/25,ezymart 300 george p sydney tap and pay 6055,-10.49,Shopping
2021/05/25,pp*brettminers 4029357733 aus,-264,Subscription - TV
2021/05/25,liv*organica grp concord tap and pay 6055,-75.5,Eating out
2021/05/25,happy life sydney pty haymarket tap and pay 6055,-121,Shopping
2021/05/25,crema at the garden ca sydney tap and pay 6055,-4.5,Coffee
2021/05/24,ml & jd pty ltd breakfast ponsw tap and pay 6055,-9.1,Coffee
2021/05/23,big w 0117 ryde ns tap and pay 6055,-75.15,Shopping
2021/05/23,good games top ryde ryde nsw tap and pay 6055,-120,Shopping
2021/05/23,ml & jd pty ltd breakfast ponsw tap and pay 6055,-9.5,Coffee
2021/05/22,the fiddler rouse hill nsw tap and pay 6055,-19.5,Drinking out
2021/05/22,the fiddler rouse hill nsw tap and pay 6055,-23.5,Drinking out
2021/05/22,pp*brettminers 4029357733 aus,-67.5,Subscription - TV
2021/05/22,transportfornsw tap sydney tap and pay 6055,-9.25,Transportation
2021/05/21,mr liquor the rocks tap and pay 6055,-103.98,Groceries
2021/05/21,coca-cola amatil burwood tap and pay 6055,-3.5,Shopping
2021/05/21,thedosshouse*foodorder 611300667067vic tap and pay 6055,-95,Drinking out
2021/05/21,thedosshouse*foodorder 611300667067vic tap and pay 6055,-31,Drinking out
2021/05/20,uber* trip sydney nsw,-43.22,Transportation
2021/05/20,madison hotel surry hills nsw tap and pay 6055,-13.13,Drinking out
2021/05/19,ml & jd pty ltd breakfast ponsw tap and pay 6055,-9.1,Coffee
2021/05/18,vapo auckland ##0521 170.50 nz dollar,-159.2,Subscription - TV
2021/05/18,ml & jd pty ltd breakfast ponsw tap and pay 6055,-9.1,Coffee
2021/05/18,amzn digital*2r0089t41 amzn.com/billux ## lux merchant,-17.09,Kindle Books
2021/05/17,ezi*f45 training conco mortlake aus,-240,Gym
2021/05/17,harrigans irish pub pokolbin nsw tap and pay 6055,-40,Drinking out
2021/05/17,the fernleigh cafe adamstown nsw tap and pay 6055,-29,Drinking out
2021/05/16,ezi*f45 training conco mortlake aus,-240,Gym
2021/05/16,harrigans irish pub pokolbin nsw tap and pay 6055,-19,Drinking out
2021/05/15,imperial hotel coona p coonabarabra tap and pay 6055,-50,Drinking out
2021/05/14,bws liquor 6191 coonabarabrans tap and pay 6055,-5,Groceries
2021/05/14,woolworths 1191 coonabarabrans tap and pay 6055,-18.55,Groceries
2021/05/13,peppertree hill group mudgee nsw,-177.63,Drinking out
2021/05/13,bws liquor 6191 coonabarabrans tap and pay 6055,-102,Groceries
2021/05/13,woolworths 1191 coonabarabrans tap and pay 6055,-148.97,Groceries
2021/05/13,the dancng goat cafe mudgee nsw tap and pay 6055,-37,Drinking out
2021/05/12,ml & jd pty ltd breakfast ponsw tap and pay 6055,-9.1,Coffee
2021/05/12,kellys irish pub mudgee nsw tap and pay 6055,-9,Drinking out
2021/05/12,kellys irish pub mudgee nsw tap and pay 6055,-4,Drinking out
2021/05/11,subway concord concord nsw tap and pay 6055,-20.7,Eating out
2021/05/11,blade and barrel pty concord nsw tap and pay 6055,-60,Hair
2021/05/09,ml & jd pty ltd breakfast ponsw tap and pay 6055,-9.1,Coffee
2021/05/08,jl massage and acupunc parramatta nsw tap and pay 6055,-110,Unclassified
2021/05/08,uniqlo parramatta parramatta aus tap and pay 6055,-159.85,Shopping
2021/05/08,pp*brettminers 4029357733 aus,-67.5,Subscription - TV
2021/05/08,eclipse games puzzle parramatta nsw tap and pay 6055,-80,Shopping
2021/05/07,vitable sydney nsw,-77,Subscription - Shopping
2021/05/06,"1-800-flowers.com,inc. 800-468-1141ny ##0521 119.82 us dollar",-155.88,Subscription - TV
2021/05/04,outback campbelltown leumeah aus tap and pay 6055,-82.56,Shopping
2021/05/03,vapo auckland ##0521 128.97 nz dollar,-120.44,Subscription - TV
2021/05/02,universal store campbelltownnsw tap and pay 6055,-59.95,Shopping
2021/05/02,amzn digital*yd5lm1us3 amzn.com/billux ## lux merchant,-14.41,Kindle Books
2021/05/02,vitamin king campbelltownnsw tap and pay 6055,-4.95,Shopping
2021/05/02,david jones limited macarthur sq tap and pay 6055,-497,Shopping - Clothing
2021/05/02,transportfornsw tap sydney tap and pay 6055,-3.13,Transportation
2021/05/01,uber* trip sydney nsw,-36.47,Transportation
2021/05/01,the baxter inn sydney nsw tap and pay 6055,-26.82,Drinking Out
2021/05/01,le wrap burwood burwood nsw tap and pay 6055,-14.9,Eating out
2021/05/01,uber *trip sydney aus,-12.9,Transportation
2021/05/01,pp*brettminerstennis 4029357733 aus,-67.5,Subscription - TV
2021/05/01,domo sushi pty ltd qps burwood tap and pay 6055,-9.03,Eating out
2021/04/30,breakfast point iga breakfast po tap and pay 6055,-13.48,Groceries
2021/04/29,peppertree hill eurunderee nsw,-177.63,Subscription - TV
2021/04/29,dark sky trav* pnaaq0r terrey hillsnsw,-120,Subscription - TV
2021/04/28,blade and barrel pty concord nsw tap and pay 6055,-60,Hair
2021/04/28,transportfornsw tap sydney tap and pay 0090,-12.24,Transportation
2021/04/27,sq *wintergarden sydney aus tap and pay 0090,-14.9,Drinking Out
2021/04/27,bridge store pty ltd sydney tap and pay 6055,-9.98,Shopping
2021/04/25,uber *eats sydney aus,-62.59,Food Delivery
2021/04/24,coles 0865 concord aus tap and pay 0090,-19,Groceries
2021/04/24,ml & jd pty ltd breakfast ponsw tap and pay 0090,-48.9,Coffee
2021/04/24,pp*brettminerstennis 4029357733 aus,-67.5,Subscription - TV
2021/04/22,dan murphy's 1535 campbelltownns tap and pay 0090,-169.97,Groceries
2021/04/22,big w 0154 campbelltownns tap and pay 0090,-29,Shopping
2021/04/20,cigna st peter porggy ##0421 473.57 us dollar,-614.62,Insurance
2021/04/19,ezi*f45 training conco mortlake aus,-240,Gym
2021/04/19,ml & jd pty ltd breakfast ponsw tap and pay 0090,-9.1,Coffee
2021/04/18,ezi*f45 training conco mortlake aus,-240,Gym
2021/04/18,uber *eats sydney aus,-54.19,Food Delivery
2021/04/18,amzn digital*uj3m87zt3 amzn.com/billux ## lux merchant,-14.38,Kindle Books
2021/04/18,transportfornsw tap sydney tap and pay 0090,-8.05,Transportation
2021/04/17,pp*brettminerstennis 4029357733 aus,-67.5,Subscription - TV
2021/04/16,transportfornsw tap sydney tap and pay 0090,-4.48,Transportation
2021/04/15,coca-cola amatil burwood tap and pay 0090,-3.8,Shopping
2021/04/15,sq *the big easy sydney aus tap and pay 0090,-59.05,Drinking Out
2021/04/15,sq *the big easy sydney aus tap and pay 0090,-73.31,Drinking Out
2021/04/15,uber *trip sydney aus,-36.35,Transportation
2021/04/14,uber *eats sydney aus,-40.49,Food Delivery
2021/04/13,subway concord concord nsw tap and pay 0090,-17.5,Eating out
2021/04/13,blade and barrel pty concord nsw tap and pay 0090,-60,Hair
2021/04/13,noble ky pty ltd concord nsw tap and pay 0090,-40,Coffee
2021/04/11,pp*brettminerstennis 4029357733 aus,-67.5,Subscription - TV
2021/04/11,tennis ranch w/house gladesville nsw tap and pay 0090,-365,Tennis
2021/04/11,bp putney 7463 denistone eansw tap and pay 0090,-89.24,Coffee
2021/04/11,steamgames.com 4259522 hamburg deu ## deu merchant,-20.65,Computer Games
2021/04/10,smp*sydney ice cream luddenham aus tap and pay 0090,-4.07,Eating out
2021/04/09,kingpin bowling - maca campbelltown tap and pay 0090,-19,Entertainment
2021/04/09,ml & jd pty ltd breakfast ponsw tap and pay 0090,-9.1,Coffee
2021/04/07,vapo auckland ##0421 170.50 nz dollar,-157.47,Subscription - TV
2021/04/07,vitable sydney nsw,-77,Subscription - Shopping
2021/04/06,amzn digital*jk2i44z43 amzn.com/billux ## lux merchant,-14.54,Kindle Books
2021/04/06,breakfast point iga breakfast po tap and pay 0090,-63.72,Groceries
2021/04/05,tennis ranch w/house gladesville nsw tap and pay 0090,-243.95,Tennis
2021/04/05,subway gladesville gladesville nsw tap and pay 0090,-16.95,Eating out
2021/04/05,uber *eats sydney aus,-58.99,Food Delivery
2021/04/04,pp*brettminerstennis 4029357733 aus,-27.5,Subscription - TV
2021/04/04,transportfornsw tap sydney tap and pay 0090,-6.12,Transportation
2021/04/03,tennis ranch w/house gladesville nsw tap and pay 0090,-227,Tennis
2021/04/03,good games top ryde ryde nsw tap and pay 0090,-217,Shopping
2021/04/03,top ryde sushiroll p ryde nsw tap and pay 0090,-84.81,Shopping
2021/04/03,transportfornsw tap sydney tap and pay 0090,-6.12,Transportation
2021/04/02,starbucks the rocks the rocks tap and pay 0090,-12.25,Drinking out
2021/04/02,transportfornsw tap sydney tap and pay 0090,-10.93,Transportation
2021/04/02,buddys harbourside c s sydney nsw tap and pay 0090,-23.94,Drinking Out
2021/04/01,hilton sydney sydney nsw tap and pay 0090,-29.45,Drinking Out
2021/04/01,hilton sydney sydney nsw tap and pay 0090,-29.45,Drinking Out
2021/04/01,sonora mexican potts point nsw tap and pay 0090,-355.03,Coffee
2021/04/01,authorization sydney aus,-1980,Subscription - TV
2021/04/01,viral ventures potts point nsw tap and pay 0090,-76,Coffee
2021/04/01,uber *trip sydney aus,-27.96,Transportation
2021/04/01,uber *eats sydney aus,-34.16,Food Delivery
2021/04/01,jetstar melbourne,-652.4,Subscription - TV
2021/03/31,uber *eats sydney aus,-50.49,Food Delivery
2021/03/31,breakfast point iga breakfast po tap and pay 0090,-15,Groceries
2021/03/31,laverty pathology north ryde,-303.15,Tennis
2021/03/30,subway concord concord nsw tap and pay 0090,-19.75,Eating out
2021/03/30,blade and barrel pty concord nsw tap and pay 0090,-60,Hair
2021/03/29,taxesforexpats +16463972887gib ##0321 425.00 us dollar,-561.59,Subscription - TV
2021/03/27,pp*brettminerstennis 4029357733 aus,-27.5,Subscription - TV
2021/03/27,palace hotel mortlake aus tap and pay 0090,-38.48,Drinking out
2021/03/27,ikea rhodes rhodes nsw tap and pay 0090,-80,Shopping
2021/03/27,dan murphy's 1906 burwood ns tap and pay 0090,-214.78,Groceries
2021/03/27,ml & jd pty ltd breakfast ponsw tap and pay 0090,-9.1,Coffee
2021/03/26,transportfornsw tap sydney tap and pay 0090,-9.16,Transportation
2021/03/25,marpas way pty ltd redfern tap and pay 0090,-257,Coffee
2021/03/23,woolworths 1289 n strathfielns tap and pay 0090,-38,Groceries
2021/03/23,vapo auckland ##0321 129.21 nz dollar,-119.99,Subscription - TV
2021/03/23,go with the gecko revesby,-117.33,Drinking Out
2021/03/22,ezi*f45 training conco mortlake aus,-240,Gym
2021/03/22,breakfast point iga breakfast po tap and pay 0090,-24.37,Groceries
2021/03/22,ml & jd pty ltd breakfast ponsw tap and pay 0090,-4,Coffee
2021/03/21,uncle fun pty ltd north strathnsw tap and pay 0090,-52.43,Coffee
2021/03/21,ezi*f45 training conco mortlake aus,-240,Gym
2021/03/20,breakfast point iga breakfast po tap and pay 0090,-27.27,Groceries
2021/03/20,primevideo sydney nsw,-4.99,Subscription - TV
2021/03/20,primevideo sydney nsw,-4.99,Subscription - TV
2021/03/19,uber *eats sydney aus,-65.19,Food Delivery
2021/03/18,1st choice 7018 concord aus tap and pay 0090,-185,Groceries
2021/03/16,blade and barrel pty concord nsw tap and pay 0090,-60,Hair
2021/03/16,mortlake ocean foodqps concord tap and pay 0090,-31.8,Eating out
2021/03/16,woolworths 1289 n strathfielns tap and pay 0090,-50.25,Groceries
2021/03/14,uber *eats sydney aus,-52.29,Food Delivery
2021/03/13,club menangle menangle parnsw tap and pay 0090,-12.5,Groceries
2021/03/13,pp*brettminerstennis 4029357733 aus,-67.5,Subscription - TV
2021/03/13,highlands hotel southe mittagong tap and pay 0090,-6,Groceries
2021/03/13,highlands hotel southe mittagong tap and pay 0090,-14.5,Groceries
2021/03/13,junyan wang canterbury tap and pay 0090,-15,Groceries
2021/03/12,peanut butter bar leichhardt nsw tap and pay 0090,-29,Drinking Out
2021/03/12,transportfornsw tap sydney tap and pay 0090,-6.12,Transportation
2021/03/11,sq *the big easy sydney aus tap and pay 0090,-20.36,Drinking Out
2021/03/11,sq *the big easy sydney aus tap and pay 0090,-126.25,Drinking Out
2021/03/11,crema at the garden ca sydney tap and pay 0090,-4.5,Coffee
2021/03/11,winter gardn stre pl sydney tap and pay 0090,-6.5,Coffee
2021/03/11,uber* trip sydney nsw,-10.48,Transportation
2021/03/11,green destiny pty. l sydney nsw tap and pay 0090,-11,Unclassified
2021/03/09,breakfast point iga breakfast po tap and pay 0090,-105.99,Groceries
2021/03/09,amazon mktplc au sydney southnsw,-29.99,Shopping
2021/03/08,vitable sydney nsw,-77,Subscription - Shopping
2021/03/07,fbpay * portal dublin irl ## irl merchant,-199,Subscription - TV
2021/03/07,transportfornsw tap sydney,-6.26,Transportation
2021/03/06,ship inn sydney nsw,-19,Drinking Out
2021/03/06,p j ryans hotel pl sydney nsw,-19,Subscription - TV
2021/03/06,uber *trip sydney aus,-16.15,Transportation
2021/03/06,the squire's landing the rocks nsw,-266.11,Drinking out
2021/03/05,26 dry cleaning concord nsw tap and pay 0090,-57,Groceries
2021/03/05,uber* trip sydney nsw,-40.26,Transportation
2021/03/05,palace hotel mortlake aus tap and pay 0090,-29.36,Drinking out
2021/03/05,uber *trip sydney aus,-44.39,Transportation
2021/03/04,transportfornsw tap sydney tap and pay 0090,-12.24,Transportation
2021/03/03,verandah bar sydney tap and pay 0090,-26.26,Drinking Out
2021/03/03,verandah bar sydney tap and pay 0090,-25.76,Drinking Out
2021/03/03,the meat and wine co c sydney aus tap and pay 0090,-183.82,Eating out
2021/03/03,breakfast point iga breakfast po tap and pay 0090,-15.95,Groceries
2021/03/02,subway concord concord nsw tap and pay 0090,-18.75,Eating out
2021/03/02,blade and barrel pty concord nsw tap and pay 0090,-28,Hair
2021/03/02,blade and barrel pty concord nsw tap and pay 0090,-60,Hair
2021/03/01,breakfast point iga breakfast po tap and pay 0090,-32.5,Groceries
2021/03/01,sq *taxes for expats gosq.com ny ##0321 300.00 us dollar,-387.4,Subscription - TV
2021/03/01,vapo auckland ##0321 139.95 nz dollar,-131.56,Subscription - TV
2021/02/28,bodyfit auburn auburn nsw tap and pay 0090,-14,Gym
2021/02/28,abhi s north strathnsw tap and pay 0090,-104.6,Coffee
2021/02/28,sydney tools silverwater nsw tap and pay 0090,-9.95,Shopping
2021/02/27,uber *trip sydney aus,-42.89,Transportation
2021/02/26,google*google storage internet ca ##0321 21.31 us dollar,-27.52,Unclassified
2021/02/26,the testo clinic pty l crows nest nsw,-1200,Shopping
2021/02/26,eatalia pty limited north strathnsw tap and pay 0090,-181,Coffee
2021/02/25,bfast point pharmacy breakfast ponsw tap and pay 0090,-39.85,Pharmacy
2021/02/25,breakfast point iga breakfast po tap and pay 0090,-5.75,Groceries
2021/02/24,palace hotel mortlake aus tap and pay 0090,-24.91,Drinking out
2021/02/24,suvh com au carlton nsw,-62.34,Subscription - TV
2021/02/22,ezi*f45 training conco mortlake aus,-240,Gym
2021/02/22,ezi*f45 training conco mortlake aus,-240,Gym
2021/02/21,ml & jd pty ltd breakfast ponsw tap and pay 0090,-43.3,Coffee
2021/02/21,sq *brett miners tenni north strathaus,-170,Tennis
2021/02/20,breakfast point iga breakfast po tap and pay 0090,-49.57,Groceries
2021/02/20,aulive international campbelltownnsw tap and pay 0090,-54.98,Coffee
2021/02/20,dan murphy's 1535 campbelltownns tap and pay 0090,-104.7,Groceries
2021/02/20,big w 0154 campbelltownns tap and pay 0090,-63,Shopping
2021/02/19,ml & jd pty ltd breakfast ponsw tap and pay 0090,-10.5,Coffee
2021/02/19,palace hotel mortlake aus tap and pay 0090,-16.6,Drinking out
2021/02/19,bfast point pharmacy breakfast ponsw,-11.95,Pharmacy
2021/02/16,concord sports store concord nsw tap and pay 0090,-158.95,Eating out
2021/02/15,breakfast point iga breakfast po tap and pay 0090,-35.56,Groceries
2021/02/14,hunter valley smelly pokolbin nsw,-87.99,Drinking out
2021/02/14,pepper tree wines pokolbin nsw,-90,Drinking out
2021/02/13,hunter valley choc pokolbin nsw tap and pay 0090,-100.7,Drinking out
2021/02/13,live taxi australia west melbour,-49.55,Subscription - TV
2021/02/13,kawul on the verand pokolbin nsw tap and pay 0090,-88.73,Drinking out
2021/02/13,calais estate wines pokolbin nsw tap and pay 0090,-32,Drinking out
2021/02/12,huntlee tavern branxton tap and pay 0090,-47.5,Coffee
2021/02/10,broken view estate rothbury nsw,-300,Subscription - TV
2021/02/10,transportfornsw tap sydney tap and pay 0090,-12.24,Transportation
2021/02/10,flowers for everyone homebush nsw,-84.9,Subscription - TV
2021/02/10,amazon mktplc au sydney southnsw,-109,Shopping
2021/02/09,ship inn sydney nsw tap and pay 0090,-27,Drinking Out
2021/02/09,transportfornsw tap sydney tap and pay 0090,-12.24,Transportation
2021/02/09,amazon mktplc au sydney southnsw,-14.06,Shopping
2021/02/08,uber *eats sydney aus,-59.49,Food Delivery
2021/02/08,the sporting globe sydney nsw tap and pay 0090,-40,Drinking Out
2021/02/08,the sporting globe sydney nsw tap and pay 0090,-50,Drinking Out
2021/02/08,pontoon bar sydney nsw tap and pay 0090,-20,Drinking Out
2021/02/08,pontoon bar sydney nsw tap and pay 0090,-87.3,Drinking Out
2021/02/08,pontoon bar sydney nsw tap and pay 0090,-26,Drinking Out
2021/02/08,pontoon bar sydney nsw tap and pay 0090,-16,Drinking Out
2021/02/07,ikea rhodes rhodes nsw tap and pay 0090,-304.97,Shopping
2021/02/07,ikea rhodes rhodes nsw tap and pay 0090,-38.4,Shopping
2021/02/06,vitable sydney nsw,-57.75,Subscription - Shopping
2021/02/05,smp*tommys beer cafe glebe aus,-5.08,Subscription - TV
2021/02/05,smp*tommys beer cafe glebe aus tap and pay 0090,-19.72,Coffee
2021/02/05,ml & jd pty ltd breakfast ponsw tap and pay 0090,-9.1,Coffee
2021/02/05,uber *trip sydney aus,-33.38,Transportation
2021/02/05,blade and barrel pty concord nsw tap and pay 0090,-60,Hair
2021/02/05,breakfast point iga breakfast po tap and pay 0090,-7.45,Groceries
2021/02/04,miz tutti mortlake nsw,-115.56,Coffee
2021/02/04,group prezzie freshwater aus,-26.25,Subscription - TV
2021/02/03,rydges campbelltown campbelltown tap and pay 0090,-6,Groceries
2021/02/03,soul origin macarthu campbelltownnsw,-25.8,Eating out
2021/02/03,transportfornsw tap sydney,-6.13,Transportation
2021/02/02,sq *fishbowl wintergar the rocks aus tap and pay 0090,-15.4,Groceries
2021/02/02,uber *trip sydney aus,-10.25,Transportation
2021/02/02,bradbury inn hotel bradbury nsw,-30.07,Subscription - TV
2021/02/02,transportfornsw tap sydney tap and pay 0090,-12.24,Transportation
2021/02/02,bradbury inn hotel bradbury nsw,-20.99,Subscription - TV
2021/02/02,bradbury inn hotel bradbury nsw,-13.12,Subscription - TV
2021/02/02,bradbury inn hotel bradbury nsw,-26.03,Subscription - TV
2021/02/01,vapo auckland ##0221 127.60 nz dollar,-119.95,Subscription - TV
2021/02/01,palace hotel mortlake aus,-34.43,Drinking out
2021/02/01,mail redirection serv melbourne,-66,Subscription - TV
2021/02/01,green destiny pty. l sydney nsw tap and pay 0090,-11,Unclassified
2021/01/31,jb hi fi broadway broadway nsw tap and pay 0090,-63.96,Coffee
2021/01/31,subway concord concord nsw tap and pay 0090,-25.65,Eating out
2021/01/31,coles 0839 broadway aus tap and pay 0090,-11.3,Groceries
2021/01/31,kmart 1131 marrickvilleaus tap and pay 0090,-33.5,Coffee
2021/01/31,redfern foodhall redfern tap and pay 0090,-27.41,Groceries
2021/01/30,mcdonalds st peters st peters,-22,Subscription - TV
2021/01/30,uber *eats sydney aus,-75.69,Food Delivery
2021/01/30,metro tempe tempe aus,-55.94,Subscription - TV
2021/01/30,bws liquor 6905 burwood ns,-2.5,Groceries
2021/01/30,metro tempe tempe aus,-132,Subscription - TV
2021/01/29,the regent redfern redfern nsw tap and pay 0090,-22.35,Drinking out
2021/01/29,super beo pty ltd redfern nsw tap and pay 0090,-9.5,Coffee
2021/01/29,transportfornsw tap sydney tap and pay 0090,-6.89,Transportation
2021/01/28,sq *resin brewing bulli aus,-24,Subscription - TV
2021/01/28,sq *resin brewing bulli aus tap and pay 0090,-7,Coffee
2021/01/28,sq *resin brewing bulli aus,-15,Subscription - TV
2021/01/28,sq *resin brewing bulli aus tap and pay 0090,-14,Coffee
2021/01/27,uber *eats sydney aus,-28.49,Food Delivery
2021/01/27,redfern foodhall redfern tap and pay 0090,-18.76,Groceries
2021/01/27,transportfornsw tap sydney tap and pay 0090,-2.52,Transportation
2021/01/26,uber *trip sydney aus,-15.87,Transportation
2021/01/26,redballoon sydney nsw,-251.12,Subscription - TV
2021/01/25,uber *eats sydney aus,-54.99,Food Delivery
2021/01/25,super beo pty ltd redfern nsw tap and pay 0090,-13.5,Coffee
2021/01/24,woolworths 1050 alexandria ns tap and pay 0090,-84.56,Groceries
2021/01/24,bundeena kayaks pl bundeena nsw,-50,Subscription - TV
2021/01/23,uber *eats sydney aus,-66.49,Food Delivery
2021/01/23,redfern foodhall redfern tap and pay 0090,-4.14,Groceries
2021/01/23,sumo salads pagewood nsw tap and pay 0090,-25.9,Coffee
2021/01/23,super beo pty ltd redfern nsw tap and pay 0090,-9.5,Coffee
2021/01/23,enmore hotel enmore nsw tap and pay 0090,-16.16,Coffee
2021/01/23,enmore hotel enmore nsw tap and pay 0090,-16.16,Coffee
2021/01/23,enmore hotel enmore nsw tap and pay 0090,-16.16,Coffee
2021/01/22,sq *urban piccolo redfern aus tap and pay 0090,-8.5,Coffee
2021/01/22,uber *eats sydney aus,-43.49,Food Delivery
2021/01/21,super beo pty ltd redfern nsw tap and pay 0090,-5,Coffee
2021/01/21,redfern foodhall redfern tap and pay 0090,-4.4,Groceries
2021/01/21,peters flowers & gift redfern nsw tap and pay 0090,-15.3,Coffee
2021/01/20,nsw rental bond parramatta,-2730.88,Subscription - TV
2021/01/19,cigna st peter porggy ##0121 473.56 us dollar,-618.33,Insurance
2021/01/18,super beo pty ltd redfern nsw tap and pay 0090,-9.5,Coffee
2021/01/18,redfern foodhall redfern tap and pay 0090,-5.97,Groceries
2021/01/17,ww metro 1130 park sydney ns,-109.36,Subscription - TV
2021/01/17,uber *eats sydney aus,-57.99,Food Delivery
2021/01/17,sq *urban piccolo redfern aus tap and pay 0090,-22.5,Coffee
2021/01/16,super beo pty ltd redfern nsw tap and pay 0090,-9.5,Coffee
2021/01/16,ml & jd pty ltd breakfast ponsw tap and pay 0090,-38.1,Coffee
2021/01/16,gu and je pty ltd maroubra nsw,-100,Coffee
2021/01/16,super nutrition austra ultimo tap and pay 0090,-93.95,Coffee
2021/01/16,transportfornsw tap sydney tap and pay 0090,-3.61,Transportation
2021/01/15,bodyfit locomotive blacktown nsw tap and pay 0090,-7,Gym
2021/01/15,uber* eats sydney nsw,-32.99,Food Delivery
2021/01/15,super beo pty ltd redfern nsw tap and pay 0090,-9.5,Coffee
2021/01/14,uber *eats sydney aus,-38.04,Food Delivery
2021/01/14,super beo pty ltd redfern nsw tap and pay 0090,-9.5,Coffee
2021/01/13,marpas way pty ltd redfern tap and pay 0090,-294,Coffee
2021/01/13,redfern foodhall redfern tap and pay 0090,-43.88,Groceries
2021/01/13,vapo auckland ##0121 194.70 nz dollar,-181.44,Subscription - TV
2021/01/13,sq *urban piccolo redfern aus tap and pay 0090,-8.5,Coffee
2021/01/13,redfern dds redfern nsw tap and pay 0090,-36.58,Coffee
2021/01/12,uber *eats sydney aus,-43.49,Food Delivery
2021/01/12,redfern foodhall redfern tap and pay 0090,-19.26,Groceries
2021/01/12,super beo pty ltd redfern nsw tap and pay 0090,-9.5,Coffee
2021/01/12,bodyfit locomotive blacktown nsw tap and pay 0090,-7,Gym
2021/01/12,redfern dds redfern nsw tap and pay 0090,-89.97,Coffee
2021/01/11,super beo pty ltd redfern nsw tap and pay 0090,-9.5,Coffee
2021/01/11,uber* eats sydney nsw,-46.79,Food Delivery
2021/01/10,taco bell albion park sydney aus tap and pay 0090,-45.4,Transportation
2021/01/09,m/u exservos club ltd ulladulla nsw tap and pay 0090,-39.1,Coffee
2021/01/09,m/u exservos club ltd ulladulla nsw tap and pay 0090,-38.4,Coffee
2021/01/08,the entrance brasser lake conjola,-54,Drinking out
2021/01/08,broken view estate rothbury nsw,-300,Subscription - TV
2021/01/08,sq *urban piccolo redfern aus tap and pay 0090,-8.5,Coffee
2021/01/08,bradbury petroleum bradbury,-32.78,Subscription - TV
2021/01/07,uber *eats sydney aus,-24.49,Food Delivery
2021/01/07,sq *urban piccolo redfern aus tap and pay 0090,-4.5,Coffee
2021/01/06,sq *urban piccolo redfern aus tap and pay 0090,-4.5,Coffee
2021/01/05,super beo pty ltd redfern nsw tap and pay 0090,-5,Coffee
2021/01/05,redfern foodhall redfern tap and pay 0090,-16.47,Groceries
2021/01/04,sq *urban piccolo redfern aus tap and pay 0090,-8.5,Coffee
2021/01/03,uber *eats sydney aus,-43.09,Food Delivery
2021/01/03,iga waterloo waterloo tap and pay 0090,-26.78,Groceries
2021/01/02,sq *urban piccolo redfern aus tap and pay 0090,-43.5,Coffee
2021/01/02,redfern foodhall redfern tap and pay 0090,-16.88,Groceries
2021/01/02,woolworths 1050 alexandria ns tap and pay 0090,-63.96,Groceries
2020/12/31,uber* eats sydney nsw,-43.39,Food Delivery
2020/12/30,sq *urban piccolo redfern aus tap and pay 0090,-36.5,Coffee
2020/12/30,redfern foodhall redfern tap and pay 0090,-18.64,Groceries
2020/12/30,dan murphy's 1879 alexandria ns tap and pay 0090,-47.98,Groceries
2020/12/30,woolworths 1050 alexandria ns tap and pay 0090,-75.09,Groceries
2020/12/29,sq *urban piccolo redfern aus tap and pay 0090,-8.5,Coffee
2020/12/29,transportfornsw tap sydney tap and pay 0090,-2.52,Transportation
2020/12/29,dan murphy's 1879 alexandria ns tap and pay 0090,-45.98,Groceries
2020/12/29,ml & jd pty ltd breakfast ponsw tap and pay 0090,-40.6,Coffee
2020/12/28,little fern and co pty redfern tap and pay 0090,-9.1,Coffee
2020/12/28,redfern convenience redfern tap and pay 0090,-10.9,Coffee
2020/12/28,redfern foodhall redfern tap and pay 0090,-10.29,Groceries
2020/12/27,woolworths 1050 alexandria ns tap and pay 0090,-37.56,Groceries
2020/12/27,redfern foodhall redfern tap and pay 0090,-3.98,Groceries
2020/12/26,enmore hotel enmore nsw tap and pay 0090,-12.12,Coffee
2020/12/26,enmore hotel enmore nsw tap and pay 0090,-16.16,Coffee
2020/12/26,little fern and co pty redfern tap and pay 0090,-12.6,Coffee
2020/12/26,enmore hotel enmore nsw tap and pay 0090,-16.16,Coffee
2020/12/26,uber *trip sydney aus,-15.9,Transportation
2020/12/25,mcdonalds waterloo waterloo tap and pay 0090,-23.9,Coffee
2020/12/24,sq *mr pokeo pty ltd alexandria aus tap and pay 0090,-36.5,Coffee
2020/12/24,redfern foodhall redfern tap and pay 0090,-14.09,Groceries
2020/12/24,the surrey hotel redfern tap and pay 0090,-14,Coffee
2020/12/23,rebel campbelltown campbelltownnsw tap and pay 0090,-49.99,Coffee
2020/12/23,transportfornsw tap sydney tap and pay 0090,-6.89,Transportation
2020/12/23,soul origin macarthu campbelltownnsw tap and pay 0090,-26.7,Eating out
2020/12/23,bradbury inn hotel bradbury nsw,-24.19,Drinking out
2020/12/22,redfern foodhall redfern tap and pay 0090,-27.37,Groceries
2020/12/22,transportfornsw tap sydney tap and pay 0090,-4.82,Transportation
2020/12/22,bradbury inn hotel bradbury nsw tap and pay 0090,-24.19,Drinking Out
2020/12/22,bradbury inn hotel bradbury nsw,-24.19,Drinking out
2020/12/22,sq *urban piccolo redfern aus tap and pay 0090,-4.5,Coffee
2020/12/21,uber* eats sydney nsw,-54.79,Food Delivery
2020/12/20,campbelltown catholic campbelltown tap and pay 0090,-9.5,Coffee
2020/12/20,uber *trip sydney aus,-11.93,Transportation
2020/12/20,transportfornsw tap sydney tap and pay 0090,-8.05,Transportation
2020/12/19,uber *trip sydney aus,-10.32,Transportation
2020/12/19,campbelltown catholi campbelltown tap and pay 0090,-95.9,Coffee
2020/12/19,sq *urban piccolo redfern aus tap and pay 0090,-8.5,Coffee
2020/12/19,redfern foodhall redfern tap and pay 0090,-7.99,Groceries
2020/12/19,untied millers poinnsw,-79.87,Coffee
2020/12/19,barangaroo house barangaroo nsw,-82,Tennis
2020/12/17,super beo pty ltd redfern nsw tap and pay 0090,-5,Coffee
2020/12/17,transportfornsw tap sydney tap and pay 0090,-6.13,Transportation
2020/12/16,ryans bar sydney nsw tap and pay 0090,-19,Drinking Out
2020/12/16,uber *eats sydney aus,-34.99,Food Delivery
2020/12/16,redfern foodhall redfern tap and pay 0090,-5.62,Groceries
2020/12/16,transportfornsw tap sydney tap and pay 0090,-3.61,Transportation
2020/12/16,sq *urban piccolo redfern aus tap and pay 0090,-8.5,Coffee
2020/12/15,liv*grandmas bar sydney,-168.3,Drinking Out
2020/12/15,super beo pty ltd redfern nsw tap and pay 0090,-9.5,Coffee
2020/12/14,northern petroleum pty sandy hollow tap and pay 0090,-57.4,Coffee
2020/12/12,bws liquor 6191 coonabarabrans,-176,Groceries
2020/12/12,woolworths 1191 coonabarabrans,-134.54,Groceries
2020/12/11,isabella s trattoria mudgee nsw tap and pay 0090,-128.5,Coffee
2020/12/11,lawson park hotel mudgee nsw tap and pay 0090,-20.4,Drinking out
2020/12/11,woolpack hotel pty ltd mudgee tap and pay 0090,-18.5,Coffee
2020/12/11,woolpack hotel pty ltd mudgee tap and pay 0090,-18.5,Coffee
2020/12/11,sq *urban piccolo redfern aus tap and pay 0090,-8.5,Coffee
2020/12/10,bodyfit eveleigh eveleigh nsw tap and pay 0090,-7,Gym
2020/12/09,clublinks management moore park tap and pay 0090,-35,Shopping
2020/12/09,iga waterloo waterloo tap and pay 0090,-36.32,Groceries
2020/12/08,redfern foodhall redfern tap and pay 0090,-50.69,Groceries
2020/12/08,bodyfit eveleigh eveleigh nsw tap and pay 0090,-7,Gym
2020/12/07,uber *eats sydney aus,-28.99,Food Delivery
2020/12/07,super beo pty ltd redfern nsw tap and pay 0090,-9.5,Coffee
2020/12/07,transportfornsw tap sydney tap and pay 0090,-8.05,Transportation
2020/12/07,bodyfit eveleigh eveleigh nsw tap and pay 0090,-14,Gym
2020/12/06,platinum world sydney nsw tap and pay 0090,-103.4,Drinking Out
2020/12/05,bodyfit miranda miranda nsw tap and pay 0090,-14,Gym
2020/12/05,uber *trip sydney aus,-12.3,Transportation
2020/12/05,union hotel newtown newtown tap and pay 0090,-19,Coffee
2020/12/05,union hotel newtown newtown tap and pay 0090,-54,Coffee
2020/12/05,union hotel newtown newtown tap and pay 0090,-27,Coffee
2020/12/05,transportfornsw tap sydney tap and pay 0090,-7.61,Transportation
2020/12/04,uber* trip sydney nsw,-21.76,Transportation
2020/12/04,sq *urban piccolo redfern aus tap and pay 0090,-8.5,Coffee
2020/12/04,iga waterloo waterloo tap and pay 0090,-31.29,Groceries
2020/12/04,transportfornsw tap sydney tap and pay 0090,-4.81,Transportation
2020/12/03,uber *eats sydney aus,-1.86,Food Delivery
2020/12/03,uber *eats sydney aus,-37.39,Food Delivery
2020/12/03,redballoon sydney nsw,-221.87,Subscription - TV
2020/12/03,bodyfit eveleigh eveleigh nsw tap and pay 0090,-7,Gym
2020/12/03,peters flowers & gift redfern nsw tap and pay 0090,-15.3,Groceries
2020/12/03,sq *urban piccolo redfern aus tap and pay 0090,-4.5,Coffee
2020/12/02,sq *urban piccolo redfern aus tap and pay 0090,-4.5,Coffee
2020/12/02,uber* eats sydney nsw,-33.49,Food Delivery
2020/12/01,iga waterloo waterloo tap and pay 0090,-35.55,Groceries
2020/12/01,bodyfit eveleigh eveleigh nsw tap and pay 0090,-7,Gym
2020/12/01,sq *urban piccolo redfern aus tap and pay 0090,-4.5,Coffee
2020/11/30,super beo pty ltd redfern nsw tap and pay 0090,-9.5,Coffee
2020/11/30,bodyfit eveleigh eveleigh nsw tap and pay 0090,-14,Gym
2020/11/30,energyaustralia pty lt melbourne,-610.53,Coffee
2020/11/29,redfern foodhall redfern tap and pay 0090,-7.99,Groceries
2020/11/28,eden brewery pty. ltd. mittagong tap and pay 0090,-10,Coffee
2020/11/28,caltex pheasants nest pheasants ne tap and pay 0090,-40.03,Coffee
2020/11/27,santasphotostudio chatswood nsw,-61.95,Transportation
2020/11/26,chefs' warehouse syd redfern nsw tap and pay 0090,-87,Coffee
2020/11/26,peters flowers & gift redfern nsw tap and pay 0090,-76.5,Coffee
2020/11/25,sq *bottom of the barr padstow aus tap and pay 0090,-28.4,Coffee
2020/11/25,redfern foodhall redfern tap and pay 0090,-8.49,Groceries
2020/11/25,transportfornsw tap sydney tap and pay 0090,-2.52,Transportation
2020/11/25,tentworld toowoomba qld,-79.95,Shopping
2020/11/25,tentworld punchbowl nsw tap and pay 0090,-263.95,Coffee
2020/11/25,just sport punchbowl nsw tap and pay 0090,-89.99,Coffee
2020/11/25,dan murphy's 1879 alexandria ns tap and pay 0090,-66.97,Groceries
2020/11/25,woolworths 1050 alexandria ns tap and pay 0090,-82,Groceries
2020/11/25,sq *urban piccolo redfern aus tap and pay 0090,-9.5,Coffee
2020/11/24,steam purchase seattle deu ## deu merchant,-42.95,Computer Games
2020/11/24,uber* trip sydney nsw,-11.22,Transportation
2020/11/24,super beo pty ltd redfern nsw tap and pay 0090,-9.5,Coffee
2020/11/24,3 wise monkeys sydney nsw tap and pay 0090,-21.42,Drinking Out
2020/11/24,3 wise monkeys sydney nsw tap and pay 0090,-17.66,Drinking Out
2020/11/24,vapo auckland ##1120 128.70 nz dollar,-122.4,Subscription - TV
2020/11/24,bodyfit eveleigh eveleigh nsw tap and pay 0090,-7,Gym
2020/11/23,redfern foodhall redfern tap and pay 0090,-89.75,Groceries
2020/11/23,sq *urban piccolo redfern aus tap and pay 0090,-8.5,Coffee
2020/11/22,jc edoxa pty. ltd. redfern nsw tap and pay 0090,-32.1,Coffee
2020/11/22,connor clothing pty ambarvale tap and pay 0090,-239.94,Shopping
2020/11/22,redfern foodhall redfern tap and pay 0090,-2.5,Groceries
2020/11/21,redfern foodhall redfern tap and pay 0090,-21.28,Groceries
2020/11/20,luke's kitchen pty l waterloo nsw,-802.87,Shopping
2020/11/20,sq *urban piccolo redfern aus tap and pay 0090,-8.5,Coffee
2020/11/20,uber *trip sydney aus,-7.23,Transportation
2020/11/20,uber* trip sydney nsw,-7.19,Transportation
2020/11/19,the tudor redfern redfern tap and pay 0090,-37,Coffee
2020/11/18,clublinks management moore park tap and pay 0090,-105,Shopping
2020/11/18,good health thai massa redfern tap and pay 0090,-75,Coffee
2020/11/18,redfern foodhall redfern tap and pay 0090,-28.38,Groceries
2020/11/17,bodyfit eveleigh eveleigh nsw tap and pay 0090,-7,Gym
2020/11/16,glen garry castle ho redfern tap and pay 0090,-57,Coffee
2020/11/16,uber *eats sydney aus,-31.49,Food Delivery
2020/11/16,redfern foodhall redfern tap and pay 0090,-79.43,Groceries
2020/11/16,sq *urban piccolo redfern aus tap and pay 0090,-8.5,Coffee
2020/11/15,jc edoxa pty. ltd. redfern nsw tap and pay 0090,-17.5,Coffee
2020/11/14,pyrmont point hotel pyrmont nsw tap and pay 0090,-8.8,Coffee
2020/11/14,uber *trip sydney aus,-10.03,Transportation
2020/11/14,laundy hotels quarrqps pyrmont tap and pay 0090,-9.5,Coffee
2020/11/14,porters liquor pyrmont pyrmont nsw tap and pay 0090,-13.98,Groceries
2020/11/13,jambo jambo africa glebe nsw tap and pay 0090,-94,Coffee
2020/11/13,uber *trip sydney aus,-7.47,Transportation
2020/11/13,super beo pty ltd redfern nsw tap and pay 0090,-9.5,Coffee
2020/11/13,transportfornsw tap sydney tap and pay 0090,-3.61,Transportation
2020/11/12,redfern foodhall redfern tap and pay 0090,-29.35,Groceries
2020/11/12,bodyfit eveleigh eveleigh nsw tap and pay 0090,-7,Gym
2020/11/12,peters flowers & gift redfern nsw tap and pay 0090,-15.3,Coffee
2020/11/12,sq *urban piccolo redfern aus tap and pay 0090,-4.5,Coffee
2020/11/11,clublinks management moore park tap and pay 0090,-35,Shopping
2020/11/11,iga waterloo waterloo tap and pay 0090,-18.93,Groceries
2020/11/10,clublinks management moore park tap and pay 0090,-2.7,Shopping
2020/11/09,super beo pty ltd redfern nsw tap and pay 0090,-9.5,Coffee
2020/11/09,redfern foodhall redfern tap and pay 0090,-20.19,Groceries
2020/11/09,transportfornsw tap sydney tap and pay 0090,-2.52,Transportation
2020/11/09,parklands sports centr moore park,-32,Shopping
2020/11/08,the sydney cove oyster sydney tap and pay 0090,-95.7,Drinking Out
2020/11/08,woolworths 1050 alexandria ns tap and pay 0090,-95.4,Groceries
2020/11/08,lab kitchen fd five dock nsw tap and pay 0090,-42.5,Groceries
2020/11/07,transportfornsw tap sydney tap and pay 0090,-6.13,Transportation
2020/11/07,the beauty base pty gregory hill,-140,Coffee
2020/11/06,tapavino sydney nsw,-254.97,Subscription - TV
2020/11/06,sq *urban piccolo redfern aus tap and pay 0090,-8.5,Coffee
2020/11/05,doordash*night noodle melbourne vic tap and pay 0090,-111.3,Coffee
2020/11/04,redfern foodhall redfern tap and pay 0090,-51.86,Groceries
2020/11/03,parklands sports centr moore park,-35,Shopping
2020/11/02,uber *eats sydney aus,-50.79,Food Delivery
2020/11/02,redfern foodhall redfern tap and pay 0090,-26,Groceries
2020/11/02,your-saving.com internet,-341.91,Subscription - TV
2020/11/02,sq *urban piccolo redfern aus tap and pay 0090,-8.5,Coffee
2020/11/01,woolworths 1050 alexandria ns tap and pay 0090,-65.35,Groceries
2020/11/01,redfern foodhall redfern tap and pay 0090,-10.06,Groceries
2020/11/01,transportfornsw tap sydney tap and pay 0090,-7.65,Transportation
2020/10/31,the squire's landing the rocks nsw tap and pay 0090,-32.21,Drinking out
2020/10/31,the squire's landing the rocks nsw tap and pay 0090,-31.2,Drinking out
2020/10/31,the squire's landing the rocks nsw tap and pay 0090,-26.97,Drinking out
2020/10/31,ship inn sydney nsw tap and pay 0090,-28,Drinking Out
2020/10/31,uber *eats sydney aus,-46.69,Food Delivery
2020/10/31,uber *trip sydney aus,-49.8,Transportation
2020/10/30,filicudi restrnt five dock nsw,-220.5,Unclassified
2020/10/30,sq *urban piccolo redfern aus tap and pay 0090,-8.5,Coffee
2020/10/29,uber *eats sydney aus,-42.49,Food Delivery
2020/10/29,redfern foodhall redfern tap and pay 0090,-52.2,Groceries
2020/10/29,sq *urban piccolo redfern aus tap and pay 0090,-8.5,Coffee
2020/10/28,uber *eats sydney aus,-24.49,Food Delivery
2020/10/28,sq *urban piccolo redfern aus tap and pay 0090,-4.5,Coffee
2020/10/28,peters flowers & gift redfern nsw tap and pay 0090,-15.3,Coffee
2020/10/27,redfern foodhall redfern tap and pay 0090,-32.89,Groceries
2020/10/27,sq *urban piccolo redfern aus tap and pay 0090,-4.5,Coffee
2020/10/26,uber *eats sydney aus,-24.49,Food Delivery
2020/10/26,sq *urban piccolo redfern aus tap and pay 0090,-8.5,Coffee
2020/10/25,uber *eats sydney aus,-44.59,Food Delivery
2020/10/25,dominos estore redfern dominos.com.aus tap and pay 0090,-49.61,Coffee
2020/10/24,dusk australasia pty campbelltown tap and pay 0090,-48.11,Coffee
2020/10/24,game center pty ltd campbelltown tap and pay 0090,-9,Coffee
2020/10/24,caltex alexandria alexandria tap and pay 0090,-60.23,Coffee
2020/10/24,transportfornsw tap sydney tap and pay 0090,-2.52,Transportation
2020/10/24,big w 0154 campbelltownns tap and pay 0090,-33,Shopping
2020/10/24,foot locker macarthur campbelltownaus tap and pay 0090,-135,Coffee
2020/10/24,moby's seafood campbelltownnsw tap and pay 0090,-36.5,Coffee
2020/10/23,sq *urban piccolo redfern aus tap and pay 0090,-8.5,Coffee
2020/10/23,steamgames.com 4259522 hamburg deu ## deu merchant,-43.51,Computer Games
2020/10/23,sq *exotik latin newtown aus,-58.94,Coffee
2020/10/23,uber *trip sydney aus,-10.27,Transportation
2020/10/23,transportfornsw tap sydney tap and pay 0090,-5.04,Transportation
2020/10/22,uber *eats sydney aus,-37.29,Food Delivery
2020/10/22,jc edoxa pty. ltd. redfern nsw tap and pay 0090,-4.3,Coffee
2020/10/22,sq *urban piccolo redfern aus tap and pay 0090,-4.5,Coffee
2020/10/21,redfern foodhall redfern tap and pay 0090,-54.84,Groceries
2020/10/21,sq *urban piccolo redfern aus tap and pay 0090,-4.5,Coffee
2020/10/20,uber *eats sydney aus,-25.49,Food Delivery
2020/10/20,uber *eats sydney aus,-32.49,Food Delivery
2020/10/20,super beo pty ltd redfern nsw tap and pay 0090,-9.5,Coffee
2020/10/19,cljm services pty lt redfern nsw tap and pay 0090,-52.6,Coffee
2020/10/19,jc edoxa pty. ltd. redfern nsw tap and pay 0090,-9.5,Coffee
2020/10/18,uber *eats sydney aus,-48.49,Food Delivery
2020/10/18,sq *urban piccolo redfern aus tap and pay 0090,-4.5,Coffee
2020/10/17,eddy's bakery waterloo nsw tap and pay 0090,-7,Coffee
2020/10/17,uber *eats sydney aus,-30.49,Food Delivery
2020/10/17,redfern foodhall redfern tap and pay 0090,-27.2,Groceries
2020/10/17,the regent redfern redfern nsw tap and pay 0090,-34.54,Drinking out
2020/10/17,sq *urban piccolo redfern aus tap and pay 0090,-4.5,Coffee
2020/10/16,sq *urban piccolo redfern aus tap and pay 0090,-8.5,Coffee
2020/10/16,redfern foodhall redfern tap and pay 0090,-50.48,Groceries
2020/10/15,uber *eats sydney aus,-45.49,Food Delivery
2020/10/15,pub pear pty ltd alexandria aus tap and pay 0090,-54,Coffee
2020/10/15,sq *urban piccolo redfern aus tap and pay 0090,-8.5,Coffee
2020/10/14,the tudor redfern qps redfern tap and pay 0090,-14.8,Coffee
2020/10/14,the sunshine inn redfern nsw tap and pay 0090,-25,Coffee
2020/10/14,sq *urban piccolo redfern aus tap and pay 0090,-4.5,Coffee
2020/10/13,sq *urban piccolo redfern aus tap and pay 0090,-4.5,Coffee
2020/10/12,redfern foodhall redfern tap and pay 0090,-25.74,Groceries
2020/10/12,sq *urban piccolo redfern aus tap and pay 0090,-4.5,Coffee
2020/10/12,redfern fruit market redfern nsw tap and pay 0090,-4.89,Groceries
2020/10/11,oportos padstow padstow tap and pay 0090,-37,Coffee
2020/10/11,coles express 1545 padstow aus tap and pay 0090,-5,Groceries
2020/10/11,redfern foodhall redfern tap and pay 0090,-77.63,Groceries
2020/10/11,transportfornsw tap sydney tap and pay 0090,-2.52,Transportation
2020/10/10,the sydney cove oyster sydney tap and pay 0090,-115.5,Drinking Out
2020/10/09,contact bar and grill woolloomoolonsw,-218.18,Drinking out
2020/10/09,sq *urban piccolo redfern aus tap and pay 0090,-8.5,Coffee
2020/10/09,wilson parking sydobs sydney nsw,-16,Subscription - TV
2020/10/09,uber *eats sydney aus,-27.49,Food Delivery
2020/10/09,uber *trip sydney aus,-14.71,Transportation
2020/10/09,uber *trip sydney aus,-19.94,Transportation
2020/10/08,post royal exchange sy sydney wau,-33.25,Subscription - TV
2020/10/08,green destiny pty. l sydney nsw tap and pay 0090,-4.2,Unclassified
2020/10/08,sq *urban piccolo eveleigh aus tap and pay 0090,-8.5,Coffee
2020/10/07,uber *eats sydney aus,-40.99,Food Delivery
2020/10/07,the regent redfern redfern nsw tap and pay 0090,-47.75,Drinking out
2020/10/07,sq *urban piccolo redfern aus tap and pay 0090,-4.5,Coffee
2020/10/06,uber *eats sydney aus,-39.49,Food Delivery
2020/10/06,transportfornsw tap sydney tap and pay 0090,-4.82,Transportation
2020/10/06,sq *urban piccolo redfern aus tap and pay 0090,-4.5,Coffee
2020/10/05,uber *eats sydney aus,-22.49,Food Delivery
2020/10/05,uber *eats sydney aus,-34.49,Food Delivery
2020/10/04,club jervis bay huskisson nsw tap and pay 0090,-52.99,Coffee
2020/10/04,n noyes & r.s noyes huskisson nsw tap and pay 0090,-7.9,Coffee
2020/10/04,caltex vincentia vincentia tap and pay 0090,-40.01,Coffee
2020/10/03,huski pub deck bar 1 huskisson nsw tap and pay 0090,-30,Drinking out
2020/10/03,huski pub bistro huskisson nsw tap and pay 0090,-35,Groceries
2020/10/02,sushibaycampbltwn campbelltownnsw tap and pay 0090,-42.5,Coffee
2020/10/02,sq *urban piccolo redfern aus tap and pay 0090,-4.5,Coffee
2020/10/02,yogurtland campbelltownnsw tap and pay 0090,-4.05,Coffee
2020/10/01,sq *urban piccolo redfern aus tap and pay 0090,-4.5,Coffee
2020/09/30,iga waterloo waterloo tap and pay 0090,-56.77,Groceries
2020/09/30,sq *urban piccolo redfern aus tap and pay 0090,-4.5,Coffee
2020/09/30,redfern fruit market redfern nsw tap and pay 0090,-7.74,Groceries
2020/09/27,uniqlo miranda nsw tap and pay 0090,-30.05,Gym
2020/09/27,general pants 80 mir miranda nsw tap and pay 0090,-129.95,Gym
2020/09/27,bodyfit miranda miranda nsw tap and pay 0090,-14,Gym
2020/09/27,sunglass hut 3187 miranda nsw tap and pay 0090,-196,Gym
2020/09/27,woolworths 1050 alexandria ns tap and pay 0090,-99.2,Groceries
2020/09/27,big w 0171 miranda ns tap and pay 0090,-43.2,Gym
2020/09/26,blue mountains hotel lawson nsw tap and pay 0090,-41,Coffee
2020/09/26,glen garry castle hqps redfern tap and pay 0090,-33.28,Coffee
2020/09/26,iga waterloo waterloo tap and pay 0090,-33.51,Groceries
2020/09/25,sq *urban piccolo redfern aus tap and pay 0090,-8.5,Coffee
2020/09/24,strung out moore park nsw tap and pay 0090,-75,Shopping
2020/09/24,clublinks management p moore park tap and pay 0090,-9,Shopping
2020/09/24,sq *urban piccolo redfern aus tap and pay 0090,-8.5,Coffee
2020/09/23,pizza hut surry hills surry hills,-43.3,Travel
2020/09/23,redfern foodhall redfern tap and pay 0090,-14.09,Groceries
2020/09/23,the regent redfern redfern nsw tap and pay 0090,-56.9,Drinking out
2020/09/22,sq *urban piccolo redfern aus tap and pay 0090,-4.5,Coffee
2020/09/20,woolworths 1050 alexandria ns tap and pay 0090,-110.65,Groceries
2020/09/20,uber *eats sydney aus,-33.49,Food Delivery
2020/09/19,sydney bicycle hire sydney olympnsw,-60,Transportation
2020/09/19,broadway cellars glebe nsw tap and pay 0090,-15,Coffee
2020/09/19,supamart harold park forest lodgensw tap and pay 0090,-10.3,Coffee
2020/09/19,uber *eats sydney aus,-46.49,Food Delivery
2020/09/19,uber *trip sydney aus,-15.27,Transportation
2020/09/19,healthy dfo pty ltd homebush tap and pay 0090,-29.7,Coffee
2020/09/19,transportfornsw tap sydney tap and pay 0090,-3.61,Transportation
2020/09/18,sq *urban piccolo redfern aus tap and pay 0090,-4.5,Coffee
2020/09/18,uber *eats sydney aus,-25.89,Food Delivery
2020/09/15,nova diamonds pty ltd glenelg sa,-8826.4,Shopping
2020/09/15,sq *urban piccolo redfern aus tap and pay 0090,-4.5,Coffee
2020/09/14,steamgames.com hamburg deu ## deu merchant,-28.3,Computer Games
2020/09/13,woolworths 1050 alexandria ns tap and pay 0090,-52.32,Groceries
2020/09/13,uber *eats sydney aus,-52.49,Food Delivery
2020/09/13,transportfornsw tap sydney tap and pay 0090,-1.8,Transportation
2020/09/12,officeworks 0253 sydney aus tap and pay 0090,-0.8,Drinking Out
2020/09/12,the vicar hotel dural nsw tap and pay 0090,-18.76,Drinking out
2020/09/11,grounds pottingshed alexandria nsw,-126.88,Drinking out
2020/09/11,uber *trip sydney aus,-0.5,Transportation
2020/09/11,uber *trip sydney aus,-10,Transportation
2020/09/10,sq *fleur de flo redfern aus tap and pay 0090,-45,Coffee
2020/09/10,redfern foodhall redfern tap and pay 0090,-48.78,Groceries
2020/09/10,grounds city alexandria nsw,-15,Transportation
2020/09/10,sq *urban piccolo redfern aus tap and pay 0090,-8.5,Coffee
2020/09/09,uber *eats sydney aus,-42.49,Food Delivery
2020/09/09,sq *urban piccolo redfern aus tap and pay 0090,-4.5,Coffee
2020/09/08,good health thai massa redfern tap and pay 0090,-85,Groceries
2020/09/07,sq *urban piccolo redfern aus tap and pay 0090,-4.5,Coffee
2020/09/06,woolworths 1050 alexandria ns tap and pay 0090,-38,Groceries
2020/09/06,woolworths 1050 alexandria ns tap and pay 0090,-51.65,Groceries
2020/09/06,uber *eats sydney aus,-57.49,Food Delivery
2020/09/05,a hankin company wickham nsw tap and pay 0090,-3.2,Coffee
2020/09/05,ceo karaoke sydney nsw,-45,Subscription - TV
2020/09/05,ceo karaoke sydney nsw,-45,Subscription - TV
2020/09/05,ceo karaoke sydney nsw,-29,Subscription - TV
2020/09/05,ceo karaoke sydney nsw,-176,Subscription - TV
2020/09/05,uber *eats sydney aus,-33.99,Food Delivery
2020/09/05,uber *trip sydney aus,-22.46,Transportation
2020/09/05,uber *trip sydney aus,-20.41,Transportation
2020/09/05,uber *trip sydney aus,-20.14,Transportation
2020/09/05,3 wise monkeys sydney nsw,-63.64,Subscription - TV
2020/09/05,cafe grillade pty ltd redfern tap and pay 0090,-53.08,Coffee
2020/09/05,super nutrition austra ultimo tap and pay 0090,-55.9,Coffee
2020/09/05,transportfornsw tap sydney tap and pay 0090,-10.33,Transportation
2020/09/05,orient hotel sydney nsw,-30.45,Drinking out
2020/09/05,orient hotel sydney nsw,-30.45,Drinking out
2020/09/05,orient hotel sydney nsw,-47.2,Drinking out
2020/09/05,orient hotel sydney nsw,-17.26,Drinking out
2020/09/04,grilld pty ltd campbelltown tap and pay 0090,-34,Coffee
2020/09/04,yogurtland campbelltownnsw tap and pay 0090,-5.45,Coffee
2020/09/04,sq *urban piccolo redfern aus tap and pay 0090,-8.5,Coffee
2020/09/04,transportfornsw tap sydney tap and pay 0090,-3.6,Transportation
2020/09/03,redfern foodhall redfern tap and pay 0090,-18.9,Groceries
2020/09/03,glen garry castle hqps redfern tap and pay 0090,-12,Groceries
2020/09/03,bodyfit eveleigh eveleigh nsw tap and pay 0090,-14,Gym
2020/09/03,nova diamonds pty ltd glenelg sa,-2206.6,Shopping
2020/09/03,joe the juice sydney sydney aus tap and pay 0090,-4.6,Drinking Out
2020/09/03,sq *urban piccolo redfern aus tap and pay 0090,-8.5,Coffee
2020/09/03,kansai japanese resta sydney nsw tap and pay 0090,-12.18,Drinking Out
2020/09/02,uber *eats sydney aus,-42.49,Food Delivery
2020/09/02,transportfornsw tap sydney tap and pay 0090,-5.41,Transportation
2020/09/01,uber *eats sydney aus,-28.49,Food Delivery
2020/09/01,redfern foodhall redfern tap and pay 0090,-55.26,Groceries
2020/09/01,iga waterloo waterloo tap and pay 0090,-20.49,Groceries
2020/09/01,sq *urban piccolo redfern aus tap and pay 0090,-4.5,Coffee
2020/09/01,officeworks 0253 sydney aus tap and pay 0090,-16.92,Drinking Out
2020/09/01,officeworks 0253 sydney aus tap and pay 0090,-5,Drinking Out
2020/08/31,uber *eats sydney aus,-24.09,Food Delivery
2020/08/31,redfern foodhall redfern tap and pay 0090,-30.85,Groceries
2020/08/31,transportfornsw tap sydney tap and pay 0090,-3.44,Transportation
2020/08/31,sq *urban piccolo redfern aus tap and pay 0090,-4.5,Coffee
2022/06/16,direct credit 533982 charles david bo borison charles da,21244.13,Transfer In
2022/06/14,transfer to xx2704 commbank app,-29000,Transfer Out
2022/06/10,direct credit 533982 charles david bo borison charles da,13756.79,Transfer In
2022/06/09,direct credit 533982 charles david bo borison charles da,13791.19,Transfer In
2022/06/07,international atm withdrawal fee,-15.15,ATM Fee
2022/06/07,wdl atm westpac nadi airport nadi fj fjd515.00,-338.24,ATM Withdrawl
2022/06/03,transfer to xx9140 commbank app xfer to cover rent,-50,Transfer Out
2022/06/03,transfer to xx9140 commbank app xfer to cover rent,-150,Transfer Out
2022/05/31,transfer to xx9140 netbank june rent cdb,-1607.74,Rent Payment
2022/05/31,transfer to xx9687 netbank,-4749.28,Credit Card Payment
2022/05/30,salary intuit australia ads135745 115629,8354.62,Income
2022/05/19,stan.com.au sydney au aus card xx9641 value date: 17/05/2022,-29,Subscription - TV
2022/05/18,direct debit 245164 hcfhealth 035325134smubaordz,-157.25,Health Insurance
2022/05/10,transfer to r meadows payid phone from commbank app phone stuff,-57,Shopping
2022/05/05,non cba atm withdrawal fee,-2.8,ATM Fee
2022/05/05,wdl atm red atmx 83-89 parram concord au,-250,ATM Withdrawl
2022/05/04,transfer to xx9140 netbank obgyn split,-150,Transfer Out
2022/05/04,transfer to xx9140 netbank internet split,-84.99,Transfer Out
2022/05/04,transfer to xx9140 netbank ultrasound split,-190,Transfer Out
2022/05/04,transfer to xx9140 netbank,-90.89,Transfer Out
2022/05/02,transfer to xx2704 netbank,-2500,Transfer Out
2022/05/02,transfer to xx9687 netbank,-6297.08,Credit Card Payment
2022/05/02,transfer to xx9140 netbank may rent,-1607.74,Transfer Out
2022/04/29,non cba atm withdrawal fee,-2.9,ATM Fee
2022/04/29,wdl atm cas west wyal rewest wyns au,-60,ATM Withdrawl
2022/04/28,salary intuit australia ads135745 115629,8663.68,Income
2022/04/26,transfer from mason alame f45 refund,1200,Income
2022/04/21,transfer from jacqueline taylor road trip,127,Transfer In
2022/04/21,transfer from jacqueline taylor fiji,1385,Transfer In
2022/04/20,stan.com.au sydney au aus card xx9641 value date: 17/04/2022,-29,Subscription - TV
2022/04/19,direct credit 452543 intuit australia,99.99,Income
2022/04/12,transfer to cedric tailor netbank 2nd half suit deposit,-450,Shopping
2022/04/08,transfer to cedric tailor commbank app suit deposit,-450,Shopping
2022/03/30,transfer to xx2704 commbank app savings,-2500,Transfer Out
2022/03/30,transfer to xx9687 commbank app pmt,-3404.92,Credit Card Payment
2022/03/30,transfer to xx9140 commbank app april rent,-1607.74,Rent Payment
2022/03/30,salary intuit australia ads135745 115629,8503.19,Income
2022/03/29,transfer to xx9687 netbank,-1084.68,Credit Card Payment
2022/03/29,transfer from xx2704 netbank,300,Transfer In
2022/03/19,stan.com.au sydney au aus card xx9641 value date: 17/03/2022,-29,Subscription - TV
2022/03/15,transfer to xx9140 netbank gaselec late fee,-40,Transfer Out
2022/03/15,transfer to xx9140 netbank gas charge march22,-263.85,Transfer Out
2022/03/15,palace hotel mortlake au aus card xx9641 value date: 12/03/2022,-12.86,Subscription - TV
2022/03/10,iga breakfast breakfast poi au aus card xx9641 value date: 08/03/2022,-4.35,Groceries
2022/03/07,direct credit 452543 intuit australia,420,Income
2022/03/01,transfer to xx2704 netbank,-7500,Transfer Out
2022/03/01,transfer to xx9140 netbank march rent,-1607.74,Transfer Out
2022/03/01,officeworks 0201 five dock au aus card xx9641 value date: 26/02/2022,-5,Subscription - TV
2022/02/28,transfer to xx9687 netbank,-3518.98,Credit Card Payment
2022/02/25,salary intuit australia ads135745 115629,8646.12,Income
2022/02/24,transfer to expat us tax pty ltd netbank australia tax ty2021,-825,Tax Prep Fee
2022/02/19,stan.com.au sydney au aus card xx9641 value date: 17/02/2022,-29,Subscription - TV
2022/02/15,globird energy netbank bpay 625921 301192811,-63.63,Utilities
2022/02/08,stan.com.au sydney au aus card xx9641 value date: 06/02/2022,-3.53,Subscription - TV
2022/02/07,wdl atm cba atm 48 martin pl c nsw 200005 aus,-500,ATM Withdrawl
2022/02/01,transfer to xx9140 commbank app,-1607.74,Transfer Out
2022/02/01,transfer to xx9687 commbank app,-3173.3,Credit Card Payment
2022/01/28,salary intuit australia ads135745 115629,8354.62,Income
2022/01/19,stan.com.au sydney au aus card xx9641 value date: 17/01/2022,-19,Subscription - TV
2022/01/11,transfer to transferwise netbank p9093179,-3358.21,Transfer Out
2022/01/11,transfer to xx9687 netbank,-5267.07,Credit Card Payment
2022/01/11,transfer to xx9140 netbank internet,-80,Transfer Out
2022/01/11,transfer to xx9140 netbank february rent,-1477.38,Transfer Out
2022/01/11,transfer to xx9140 netbank electricity jan,-134.32,Transfer Out
2022/01/03,international atm withdrawal fee,-13.45,ATM Fee
2022/01/03,wdl atm 430 charters st new orleans laus usd204.00,-281.67,ATM Withdrawl
2022/01/01,transfer to xx9140 commbank app rent,-1477.38,Transfer Out
2022/01/01,transfer to xx9687 commbank app,-1666.84,Credit Card Payment
2021/12/26,international atm withdrawal fee,-18.94,ATM Fee
2021/12/26,wdl atm hard rock bx - 5 biloxi msus aud464.70,-464.7,ATM Withdrawl
2021/12/23,salary intuit australia ads135745 115629,13207.48,Income
2021/12/21,stan.com.au sydney au aus card xx9641 value date: 17/12/2021,-19,Subscription - TV
2021/12/08,transfer from xx9140 commbank app rent transfer,2954.76,Transfer In
2021/12/05,breakfast point r/e commbank app bpay 58297 831018184000006947 december rent,-2954.76,Rent Payment
2021/12/05,transfer to xx9140 commbank app,-325,Transfer Out
2021/12/02,transfer to damo pigott commbank app lovely ops catchup dinne...,-70,Eating Out
2021/11/29,transfer to xx9687 commbank app,-8266.84,Credit Card Payment
2021/11/29,salary intuit australia ads135745 115629,8354.62,Income
2021/11/22,transfer from jacqueline taylor us trip,3367,Transfer In
2021/11/22,transfer to xx9687 netbank,-3834.17,Credit Card Payment
2021/11/19,stan.com.au sydney au aus card xx9641 value date: 17/11/2021,-19,Subscription - TV
2021/11/16,transfer from jacqueline taylor dog vacuum,500,Transfer In
2021/11/14,wdl atm cba atm springwood b nsw 260102 aus,-2000,ATM Withdrawl
2021/11/12,transfer to xx9140 commbank app pup deposit,-250,Transfer Out
2021/11/12,cardless cash for collection pup,-500,Transfer Out
2021/11/08,transfer to xx9140 netbank charles internet,-75,Transfer Out
2021/10/29,transfer to xx9687 commbank app,-3792.9,Credit Card Payment
2021/10/29,transfer to xx9140 commbank app rent,-1477.38,Transfer Out
2021/10/29,transfer from xx9140 commbank app dinner,250,Transfer In
2021/10/28,salary intuit australia ads135745 115629,8614.26,Income
2021/10/19,stan.com.au sydney au aus card xx9641 value date: 17/10/2021,-19,Subscription - TV
2021/10/05,transfer to xx9687 netbank,-4964.8,Credit Card Payment
2021/10/05,transfer to xx9140 netbank new bed,-470.95,Transfer Out
2021/10/05,transfer to xx9140 netbank rent,-1477.38,Transfer Out
2021/10/01,amznprimeau membership sydney south ns aus card xx6594 value date: 29/09/2021,-6.99,Subscription - Shopping
2021/09/29,salary intuit australia ads135745 115629,8666.85,Income
2021/09/29,transfer to xx9140 netbank internet,-75,Transfer Out
2021/09/27,transfer to xx9687 netbank,-929,Credit Card Payment
2021/09/24,transfer to xx9140 netbank,-54.97,Transfer Out
2021/09/21,apple.com/bill sydney ns aus card xx6594 value date: 17/09/2021,-26.98,Subscription - TV
2021/09/21,stan.com.au sydney au aus card xx6594 value date: 17/09/2021,-19,Subscription - TV
2021/09/21,apple.com/bill sydney au aus card xx6594 value date: 17/09/2021,-1.49,Subscription - TV
2021/09/11,apple.com/bill sydney ns aus card xx6594 value date: 09/09/2021,-51.99,Subscription - TV
2021/09/08,international transaction fee value date: 05/09/2021,-0.12,Subscription - TV
2021/09/08,geoguessr pro saltsjobaden du swe card xx6594 usd 2.99 value date: 05/09/2021,-4.04,Subscription - TV
2021/08/31,amznprimeau membership sydney south ns aus card xx6594 value date: 29/08/2021,-6.99,Subscription - Shopping
2021/08/31,apple.com/bill sydney ns aus card xx6594 value date: 28/08/2021,-49.99,Subscription - TV
2021/08/30,transfer to xx9687 netbank,-1242.25,Credit Card Payment
2021/08/30,transfer to transferwise netbank p9093179,-20000,Transfer Out
2021/08/27,transfer to xx9140 netbank september rent,-1477.38,Transfer Out
2021/08/27,transfer to xx9687 netbank,-2835.42,Credit Card Payment
2021/08/27,salary intuit australia ads135745 115629,25604.47,Income
2021/08/26,transfer to j taylor payid phone from commbank app payback for hunter valley airbnb,-825,Transfer Out
2021/08/26,commbank app tfr from jacqueline taylo wedding accomm,1650,Transfer In
2021/08/20,sp * online party supp gold coast ql aus card xx6594 value date: 18/08/2021,-55.96,Subscription - TV
2021/08/20,sp * slipsilk new farm ql aus card xx6594 value date: 18/08/2021,-120,Subscription - TV
2021/08/19,apple.com/bill sydney ns aus card xx6594 value date: 17/08/2021,-1.49,Subscription - TV
2021/08/19,stan.com.au sydney au aus tap and pay xx7964 value date: 17/08/2021,-19,Subscription - TV
2021/08/18,sp * ovira australia bentleigh vi aus card xx6594 value date: 16/08/2021,-219,Subscription - TV
2021/08/17,apple.com/bill sydney ns aus card xx6594 value date: 14/08/2021,-19.99,Subscription - TV
2021/08/14,apple.com/bill sydney ns aus card xx6594 value date: 12/08/2021,-6.99,Subscription - TV
2021/08/11,laverty pathology netbank bpay 443507 678801234,-280.9,Transfer Out
2021/08/11,apple.com/bill sydney ns aus card xx6594 value date: 09/08/2021,-51.99,Subscription - TV
2021/08/10,international transaction fee value date: 05/08/2021,-0.12,Subscription - TV
2021/08/10,geoguessr pro saltsjobaden du swe card xx6594 usd 2.99 value date: 05/08/2021,-4.06,Subscription - TV
2021/08/07,commbank app tfr from jacqueline taylo favors,5,Transfer In
2021/08/06,transfer to transferwise netbank p9093179,-2956.46,Transfer Out
2021/08/06,transfer to xx9140 netbank july internet,-75,Transfer Out
2021/08/06,transfer to xx9140 netbank,-114.5,Transfer Out
2021/08/05,direct credit 452543 intuit australia,60,Income
2021/08/02,transfer to xx9140 commbank app,-300,Transfer Out
2021/07/31,amznprimeau membership sydney south ns aus card xx6594 value date: 29/07/2021,-6.99,Subscription - Shopping
2021/07/30,transfer to xx9140 commbank app,-1177.38,Transfer Out
2021/07/30,transfer to xx9687 commbank app,-2056.23,Credit Card Payment
2021/07/29,salary intuit australia ads135745 115629,8433.47,Income
2021/07/20,playstationnetwork london gb gbr tap and pay xx2716 aud 79.95 value date: 16/07/2021,-79.95,Subscription - TV
2021/07/20,stan.com.au sydney au aus card xx6594 value date: 17/07/2021,-19,Subscription - TV
2021/07/20,apple.com/bill sydney ns aus card xx6594 value date: 17/07/2021,-26.98,Subscription - TV
2021/07/20,apple.com/bill sydney ns aus card xx6594 value date: 17/07/2021,-1.49,Subscription - TV
2021/07/15,transfer to other bank netbank ce 457552 458159,-111.08,Transfer Out
2021/07/14,transfer to transferwise commbank app p9093179,-10000,Transfer Out
2021/07/14,direct credit 342189 charles david bo 264937524refund,10000,Transfer In
2021/07/13,apple.com/bill sydney ns aus card xx6594 value date: 10/07/2021,-51.99,Subscription - TV
2021/07/08,international transaction fee value date: 05/07/2021,-0.12,Subscription - TV
2021/07/08,geoguessr pro saltsjobaden du swe card xx6594 usd 2.99 value date: 05/07/2021,-3.98,Subscription - TV
2021/07/03,transfer to wise australia pty ltd payid email from commbank app brokerage transfer,-10000,Transfer Out
2021/07/02,transfer from xx2704 commbank app,5000,Transfer Out
2021/07/02,transfer to xx9140 commbank app,-15,Transfer Out
2021/07/02,transfer to xx9140 commbank app,-64.5,Transfer Out
2021/07/02,transfer to xx9140 commbank app,-1477.38,Transfer Out
2021/07/01,amznprimeau membership sydney south ns aus card xx6594 value date: 29/06/2021,-6.99,Subscription - Shopping
2021/06/30,transfer to xx9687 commbank app,-4446.1,Credit Card Payment
2021/06/29,salary intuit australia wages,8292.28,Income
2021/06/22,direct debit 184534 bodyfit redfern a0070evw07xu,-19.95,Groceries
2021/06/22,commbank app tfr from jacqueline taylo mattsarka dinner,185,Transfer In
2021/06/19,apple.com/bill sydney ns aus card xx6594 value date: 17/06/2021,-26.98,Subscription - TV
2021/06/19,apple.com/bill sydney ns aus card xx6594 value date: 17/06/2021,-1.49,Subscription - TV
2021/06/19,stan.com.au sydney au aus card xx6594 value date: 17/06/2021,-19,Subscription - TV
2021/06/17,transfer to xx9140 netbank june electric gas,-52.91,Transfer Out
2021/06/17,sp * the top saddlery katherine nt aus card xx6594 value date: 15/06/2021,-109.95,Subscription - TV
2021/06/15,direct debit 184534 bodyfit redfern a006z7mu07m8,-19.95,Groceries
2021/06/15,apple.com/bill sydney ns aus card xx6594 value date: 10/06/2021,-51.99,Subscription - TV
2021/06/09,non cba atm withdrawal fee,-2.8,ATM Fee
2021/06/09,wdl atm red rediatm 1 margare sydney au,-200,ATM Withdrawl
2021/06/08,direct debit 184534 bodyfit redfern a006y8ux076e,-19.95,Groceries
2021/06/08,international transaction fee value date: 05/06/2021,-0.12,Subscription - TV
2021/06/08,geoguessr pro saltsjobaden du swe card xx6594 usd 2.99 value date: 05/06/2021,-3.91,Subscription - TV
2021/06/07,commbank app tfr from jacqueline taylo rental car,325,Transfer In
2021/06/01,direct debit 184534 bodyfit redfern a006x4vg087z,-19.95,Groceries
2021/06/01,amznprimeau membership sydney south ns aus card xx6594 value date: 29/05/2021,-6.99,Subscription - Shopping
2021/05/28,transfer to xx9687 commbank app,-7108.97,Credit Card Payment
2021/05/28,transfer to xx9140 commbank app charles may rent,-1477.38,Transfer Out
2021/05/28,salary intuit australia wages,8156.33,Income
2021/05/25,direct debit 184534 bodyfit redfern a006vtu3084s,-19.95,Groceries
2021/05/19,apple.com/bill sydney ns aus card xx6594 value date: 17/05/2021,-1.49,Subscription - TV
2021/05/19,stan.com.au sydney au aus card xx6594 value date: 17/05/2021,-19,Subscription - TV
2021/05/18,direct debit 184534 bodyfit redfern a006umlc083c,-19.95,Groceries
2021/05/18,apple.com/bill sydney ns aus card xx6594 value date: 14/05/2021,-19.99,Subscription - TV
2021/05/13,direct credit 452543 intuit australia,18.4,Income
2021/05/13,transfer to xx9140 commbank app photog,-411,Transfer Out
2021/05/12,apple.com/bill sydney ns aus card xx6594 value date: 09/05/2021,-51.99,Subscription - TV
2021/05/11,direct debit 184534 bodyfit redfern a006tm4208ab,-19.95,Groceries
2021/05/08,international transaction fee value date: 05/05/2021,-0.12,Subscription - TV
2021/05/08,geoguessr pro saltsjobaden du swe card xx6594 usd 2.99 value date: 05/05/2021,-3.89,Subscription - TV
2021/05/07,booking.com australia sydney au aus card xx6594 value date: 05/05/2021,-162,Subscription - TV
2021/05/05,sp * ringers western kununurra wa aus card xx6594 value date: 03/05/2021,-184.9,Subscription - TV
2021/05/04,direct debit 184534 bodyfit redfern a006sauh080l,-19.95,Groceries
2021/05/01,amznprimeau membership sydney south ns aus card xx6594 value date: 29/04/2021,-6.99,Subscription - Shopping
2021/04/29,transfer to xx9687 commbank app,-5437.53,Credit Card Payment
2021/04/29,transfer to xx9140 commbank app,-1477.38,Transfer Out
2021/04/29,salary intuit australia wages,8340.57,Income
2021/04/27,direct debit 184534 bodyfit redfern a006r0fh0qez,-19.95,Groceries
2021/04/26,transfer to xx9140 netbank internet txfer cdb,-89.99,Transfer Out
2021/04/26,transfer to xx9140 netbank april electric cdb,-110.14,Transfer Out
2021/04/20,direct debit 184534 bodyfit redfern a006pydd025u,-19.95,Groceries
2021/04/20,stan.com.au sydney au aus tap and pay xx7964 value date: 17/04/2021,-19,Subscription - TV
2021/04/20,apple.com/bill sydney ns aus card xx6594 value date: 17/04/2021,-1.49,Subscription - TV
2021/04/16,apple.com/bill sydney ns aus card xx6594 value date: 14/04/2021,-19.99,Subscription - TV
2021/04/13,direct debit 184534 bodyfit redfern a006nu06026w,-19.95,Groceries
2021/04/13,apple.com/bill sydney ns aus card xx6594 value date: 09/04/2021,-51.99,Subscription - TV
2021/04/08,direct credit 123079 aaron fergusson u19 bond 13 charl,1066.67,Transfer In
2021/04/08,international transaction fee value date: 05/04/2021,-0.12,Subscription - TV
2021/04/08,geoguessr pro saltsjobaden du swe card xx6594 usd 2.99 value date: 05/04/2021,-3.94,Subscription - TV
2021/04/07,transfer to other bank netbank bond clean,-133.3,Transfer Out
2021/04/06,direct debit 184534 bodyfit redfern a006meah0a8d,-19.95,Groceries
2021/04/01,commbank app tfr from jacqueline taylo love you x,175,Transfer In
2021/04/01,commbank app tfr from jacqueline taylo love you x,1,Transfer In
2021/03/31,transfer to xx9687 netbank,-5828.39,Credit Card Payment
2021/03/31,transfer to xx9140 netbank charles april rent,-1477.38,Transfer Out
2021/03/31,amznprimeau membership sydney south ns aus card xx6594 value date: 29/03/2021,-6.99,Subscription - Shopping
2021/03/30,direct debit 184534 bodyfit redfern a006ll8y029y,-19.95,Groceries
2021/03/30,transfer from daniel lesmond splitwise,116.66,Transfer In
2021/03/30,salary intuit australia wages,8311.82,Income
2021/03/30,playstationnetwork london gb gbr tap and pay xx2716 aud 4.99 value date: 26/03/2021,-4.99,Subscription - TV
2021/03/29,transfer to xx9140 commbank app,-70,Transfer Out
2021/03/26,transfer to other bank netbank p9093179,-199.81,Transfer Out
2021/03/23,direct debit 184534 bodyfit redfern a006hye10272,-19.95,Groceries
2021/03/22,transfer to unit 19 rent commbank app unit 19 rent,-240,Transfer Out
2021/03/20,target online 03 au aus card xx6594 value date: 18/03/2021,-49,Subscription - TV
2021/03/20,sp * costumebox austra manly ns aus card xx6594 value date: 18/03/2021,-33.97,Subscription - TV
2021/03/19,stan.com.au sydney au aus tap and pay xx7964 value date: 17/03/2021,-19,Subscription - TV
2021/03/19,apple.com/bill sydney ns aus card xx6594 value date: 17/03/2021,-1.49,Subscription - TV
2021/03/18,playstationnetwork london gb gbr card xx6594 aud 4.99 value date: 16/03/2021,-4.99,Subscription - TV
2021/03/17,apple.com/bill sydney ns aus card xx6594 value date: 14/03/2021,-19.99,Subscription - TV
2021/03/17,playstationnetwork london gb gbr tap and pay xx2716 aud 3.99 value date: 14/03/2021,-3.99,Subscription - TV
2021/03/16,direct debit 184534 bodyfit redfern a006guvv029x,-19.95,Groceries
2021/03/15,direct credit 452543 intuit australia,120,Income
2021/03/11,apple.com/bill sydney ns aus card xx6594 value date: 09/03/2021,-51.99,Subscription - TV
2021/03/09,direct debit 184534 bodyfit redfern a006fklq024d,-19.95,Groceries
2021/03/09,international transaction fee value date: 05/03/2021,-0.12,Subscription - TV
2021/03/09,geoguessr pro saltsjobaden du swe card xx6594 usd 2.99 value date: 05/03/2021,-3.92,Subscription - TV
2021/03/05,transfer to daniel lesmond commbank app v_a napoli,-95,Transfer Out
2021/03/04,transfer to unit 19 rent commbank app unit 19 rent,-480,Transfer Out
2021/03/04,group prezzie freshwater au aus card xx6594 value date: 02/03/2021,-26.25,Subscription - TV
2021/03/03,amznprimeau membership sydney south ns aus card xx6594 value date: 28/02/2021,-6.99,Subscription - Shopping
2021/03/02,direct debit 184534 bodyfit redfern a006ea000292,-19.95,Groceries
2021/02/26,transfer to xx9140 commbank app mar rent,-1477.38,Transfer Out
2021/02/25,commbank app tfr from jacqueline taylo love you x,40,Transfer In
2021/02/25,transfer to xx9687 commbank app,-4298,Credit Card Payment
2021/02/25,salary intuit australia wages,8156.33,Income
2021/02/23,direct debit 184534 bodyfit redfern a006cpll027h,-19.95,Groceries
2021/02/20,apple.com/bill sydney ns aus card xx6594 value date: 17/02/2021,-1.49,Subscription - TV
2021/02/19,commbank app tfr from jacqueline taylo i owe you,140,Transfer In
2021/02/19,stan.com.au sydney au aus card xx6594 value date: 17/02/2021,-19,Subscription - TV
2021/02/17,transfer to other bank netbank we feb 19,-480,Transfer Out
2021/02/17,apple.com/bill sydney ns aus card xx6594 value date: 14/02/2021,-19.99,Subscription - TV
2021/02/17,google australia pyrmont au aus card xx6594 value date: 15/02/2021,-4.99,Subscription - TV
2021/02/16,direct debit 184534 bodyfit redfern a006bkhe025s,-19.95,Groceries
2021/02/12,apple.com/bill sydney ns aus card xx6594 value date: 09/02/2021,-51.99,Subscription - TV
2021/02/09,direct debit 184534 bodyfit redfern a006ac7h025y,-19.95,Groceries
2021/02/09,transfer to daniel lesmond commbank app nov-jan electric bill,-151,Transfer Out
2021/02/09,amzn digital*6s9ss3tl3 amzn.com/bill lu lux card xx6594 aud 18.96 value date: 04/02/2021,-18.96,Subscription - TV
2021/02/09,international transaction fee value date: 05/02/2021,-0.12,Subscription - TV
2021/02/09,geoguessr pro saltsjobaden du swe card xx6594 usd 2.99 value date: 05/02/2021,-3.94,Subscription - TV
2021/02/07,wdl atm nab nab atm ryde au,-300,ATM Withdrawl
2021/02/03,transfer from mr aaron donald fergusson rent portion refund,160,Transfer In
2021/02/03,transfer to unit 19 rent commbank app endjanrent,-640,Transfer Out
2021/02/02,direct debit 184534 bodyfit redfern a00697q3026g,-19.95,Groceries
2021/02/02,amznprimeau membership sydney south ns aus card xx6594 value date: 29/01/2021,-6.99,Subscription - Shopping
2021/01/28,transfer to xx9687 commbank app,-6702.2,Credit Card Payment
2021/01/28,salary intuit australia wages,8317.65,Income
2021/01/27,direct debit 184534 bodyfit redfern a0067ypd05r8,-19.95,Groceries
2021/01/26,transfer from daniel lesmond fergo present,125,Transfer In
2021/01/26,amzn digital*4n06y3bo3 amzn.com/bill lu lux card xx6594 aud 18.68 value date: 21/01/2021,-18.68,Subscription - TV
2021/01/26,international transaction fee value date: 21/01/2021,-0.42,Subscription - TV
2021/01/26,kindle svcs*g132v4al3 866-321-8851 wa usa card xx6594 usd 10.81 value date: 21/01/2021,-14.06,Subscription - TV
2021/01/20,breakfast point r/e netbank bpay 58297 831018184000006947 holding deposit,-680,Rent Payment
2021/01/20,transfer to cba a/c netbank wedding deposit,-750,Transfer Out
2021/01/20,transfer to xx9140 netbank,-1700,Transfer Out
2021/01/20,transfer to other bank netbank midjan rent,-640,Transfer Out
2021/01/20,apple.com/bill sydney ns aus card xx6594 value date: 17/01/2021,-1.49,Subscription - TV
2021/01/20,stan.com.au sydney au aus tap and pay xx7964 value date: 17/01/2021,-19,Subscription - TV
2021/01/19,direct debit 184534 bodyfit redfern a0066lw8026y,-19.95,Groceries
2021/01/19,apple.com/bill sydney ns aus card xx6594 value date: 14/01/2021,-19.99,Subscription - TV
2021/01/16,amzn digital*r95po32e3 amzn.com/bill lu lux card xx6594 aud 14.36 value date: 13/01/2021,-14.36,Subscription - TV
2021/01/14,amzn digital*rx6df9kl3 amzn.com/bill lu lux card xx6594 aud 5.46 value date: 11/01/2021,-5.46,Subscription - TV
2021/01/13,transfer to unit 19 rent commbank app late fee,-30,Transfer Out
2021/01/13,apple.com/bill sydney ns aus card xx6594 value date: 09/01/2021,-51.99,Subscription - TV
2021/01/12,direct debit 184534 bodyfit redfern a0065am8022n,-19.95,Groceries
2021/01/09,transfer to unit 19 rent commbank app unit 19 rent,-640,Transfer Out
2021/01/08,international transaction fee value date: 05/01/2021,-0.12,Subscription - TV
2021/01/08,geoguessr * trial over saltsjobaden du swe card xx6594 usd 2.99 value date: 05/01/2021,-3.91,Subscription - TV
2021/01/05,transfer to xx2704 netbank,-5000,Transfer Out
2021/01/05,direct debit 184534 bodyfit redfern a0063yx3026z,-19.95,Groceries
